{"project":{"profile":{"name":"SQLServer","description":""},"commands":[{"father":"module","command":"{\"module_name\":\"SQLServer_\",\"module\":\"connectionBD\",\"server\":\"{server}\",\"database\":\"{bd}\",\"user\":\"{user}\",\"password\":\"{pass}\"}","option":"","var":"","index":0,"group":"scripts","execute":2,"if":"","children":[],"else":[],"id":"f2105ee9-bd05-a5df-8434-331dd4684938","mode_live":true,"getvar":"","screenshot":"","img":"","message":"module  {\"module_name\":\"SQLServer_\",\"module\":\"connectionBD\",\"server\":\"{server}\",\"database\":\"{bd}\"}","extra":[],"result":"True","description":"CONNECTION"},{"father":"module","command":"{\"module_name\":\"SQLServer_\",\"module\":\"QueryBD\",\"query\":\"SELECT * from TableName\",\"var\":\"res\"}","option":"","var":"","index":1,"group":"scripts","execute":2,"if":"","children":[],"else":[],"id":"e02d57a7-6888-44fb-1db8-d021715aecc6","mode_live":true,"getvar":"","screenshot":"","img":"","message":"module  {\"module_name\":\"SQLServer_\",\"module\":\"QueryBD\",\"query\":\"SELECT * from ActividadEmpresa\",\"var\":\"var\"}","extra":[],"result":"True","description":"SELECT"},{"father":"module","command":"{\"module_name\":\"SQLServer_\",\"module\":\"QueryBD\",\"query\":\"insert into TableName (row1,row2,row3) values ('test','test2','test3')\",\"var\":\"var\"}","option":"","var":"","index":2,"group":"scripts","execute":2,"if":"","children":[],"else":[],"id":"0ead58a8-13d7-028c-da32-c2db92168a33","mode_live":true,"getvar":"","screenshot":"","img":"","message":"module  {\"module_name\":\"SQLServer_\",\"module\":\"QueryBD\",\"query\":\"insert into Cliente (RutCliente,RazonSocial,NombreContacto,MailContacto,Direccion,Telefono,IdActividadEmpresa,IdTipoEmpresa) values ('66666666','rzn test','nombre test', 'mail@test.com','dir test','12345678',1,10)\",\"var\":\"var\"}","extra":[],"result":"True","description":"INSERT"},{"father":"module","command":"{\"module_name\":\"SQLServer_\",\"module\":\"QueryBD\",\"query\":\"delete from TableName where row1= 'test'\",\"var\":\"res\"}","option":"","var":"","index":3,"group":"scripts","execute":2,"if":"","description":"DELETE","children":[],"else":[],"id":"d9fe0321-6b7f-b9b3-4b17-511807e09842","mode_live":true,"getvar":"","extra_data":null,"screenshot":"","img":"","message":"module  {\"module_name\":\"SQLServer_\",\"module\":\"QueryBD\",\"query\":\"delete from cliente where RutCliente = '66666666'\",\"var\":\"pass\"}","extra":[],"result":"True"}],"vars":[{"name":"server","data":"DESKTOP-T3025IB\\\\SQLEXPRESS","type":"string","$$hashKey":"object:2680"},{"name":"bd","data":"","type":"string","$$hashKey":"object:2681"},{"name":"user","data":"","type":"string","$$hashKey":"object:2682"},{"name":"pass","data":"","type":"string","$$hashKey":"object:2683"},{"name":"var","data":"","type":"string","$$hashKey":"object:2684"},{"name":"res","data":"","type":"string","$$hashKey":"object:2810"}],"ifs":[{"id":"bc5888e7-a49a-4021-53b1-e3776e48983d","status":null},{"id":"84b674c8-9c62-cedc-03dc-bc0798f609f9","status":null}]}}